"V1","newname"
"/data/class/ecoevo283/public/RAWDATA/ATACseq/Sample_ACCAGCA-TATGCAGT_4R009_L1_P059_R2.fq.gz","/data/homezvol1/johnnl15/mydata/ATACseq/rawdata/P059_R2.fq.gz"
"/data/class/ecoevo283/public/RAWDATA/ATACseq/Sample_GTATCTC-TATGCAGT_4R009_L1_P043_R2.fq.gz","/data/homezvol1/johnnl15/mydata/ATACseq/rawdata/P043_R2.fq.gz"
"/data/class/ecoevo283/public/RAWDATA/ATACseq/Sample_CACTTGA-CTCCTTAC_4R009_L1_P049_R1.fq.gz","/data/homezvol1/johnnl15/mydata/ATACseq/rawdata/P049_R1.fq.gz"
"/data/class/ecoevo283/public/RAWDATA/ATACseq/Sample_ATGCATG-CTCCTTAC_4R009_L1_P004_R1.fq.gz","/data/homezvol1/johnnl15/mydata/ATACseq/rawdata/P004_R1.fq.gz"
"/data/class/ecoevo283/public/RAWDATA/ATACseq/Sample_TCGCCAA-CTCCTTAC_4R009_L1_P005_R2.fq.gz","/data/homezvol1/johnnl15/mydata/ATACseq/rawdata/P005_R2.fq.gz"
"/data/class/ecoevo283/public/RAWDATA/ATACseq/Sample_CGTTCTT-CTCCTTAC_4R009_L1_P020_R1.fq.gz","/data/homezvol1/johnnl15/mydata/ATACseq/rawdata/P020_R1.fq.gz"
"/data/class/ecoevo283/public/RAWDATA/ATACseq/Sample_AGAGTGC-TATGCAGT_4R009_L1_P028_R1.fq.gz","/data/homezvol1/johnnl15/mydata/ATACseq/rawdata/P028_R1.fq.gz"
"/data/class/ecoevo283/public/RAWDATA/ATACseq/Sample_GGAATGT-CTCCTTAC_4R009_L1_P051_R1.fq.gz","/data/homezvol1/johnnl15/mydata/ATACseq/rawdata/P051_R1.fq.gz"
"/data/class/ecoevo283/public/RAWDATA/ATACseq/Sample_CACGTTC-CTCCTTAC_4R009_L1_P035_R2.fq.gz","/data/homezvol1/johnnl15/mydata/ATACseq/rawdata/P035_R2.fq.gz"
"/data/class/ecoevo283/public/RAWDATA/ATACseq/Sample_TTCGACG-CTCCTTAC_4R009_L1_P021_R2.fq.gz","/data/homezvol1/johnnl15/mydata/ATACseq/rawdata/P021_R2.fq.gz"
"/data/class/ecoevo283/public/RAWDATA/ATACseq/Sample_GGAATGT-CTCCTTAC_4R009_L1_P051_R2.fq.gz","/data/homezvol1/johnnl15/mydata/ATACseq/rawdata/P051_R2.fq.gz"
"/data/class/ecoevo283/public/RAWDATA/ATACseq/Sample_AGAGTGC-TATGCAGT_4R009_L1_P028_R2.fq.gz","/data/homezvol1/johnnl15/mydata/ATACseq/rawdata/P028_R2.fq.gz"
"/data/class/ecoevo283/public/RAWDATA/ATACseq/Sample_CGTTCTT-CTCCTTAC_4R009_L1_P020_R2.fq.gz","/data/homezvol1/johnnl15/mydata/ATACseq/rawdata/P020_R2.fq.gz"
"/data/class/ecoevo283/public/RAWDATA/ATACseq/Sample_CACGTTC-CTCCTTAC_4R009_L1_P035_R1.fq.gz","/data/homezvol1/johnnl15/mydata/ATACseq/rawdata/P035_R1.fq.gz"
"/data/class/ecoevo283/public/RAWDATA/ATACseq/Sample_TTCGACG-CTCCTTAC_4R009_L1_P021_R1.fq.gz","/data/homezvol1/johnnl15/mydata/ATACseq/rawdata/P021_R1.fq.gz"
"/data/class/ecoevo283/public/RAWDATA/ATACseq/Sample_ACCAGCA-TATGCAGT_4R009_L1_P059_R1.fq.gz","/data/homezvol1/johnnl15/mydata/ATACseq/rawdata/P059_R1.fq.gz"
"/data/class/ecoevo283/public/RAWDATA/ATACseq/Sample_GTATCTC-TATGCAGT_4R009_L1_P043_R1.fq.gz","/data/homezvol1/johnnl15/mydata/ATACseq/rawdata/P043_R1.fq.gz"
"/data/class/ecoevo283/public/RAWDATA/ATACseq/Sample_ATGCATG-CTCCTTAC_4R009_L1_P004_R2.fq.gz","/data/homezvol1/johnnl15/mydata/ATACseq/rawdata/P004_R2.fq.gz"
"/data/class/ecoevo283/public/RAWDATA/ATACseq/Sample_CACTTGA-CTCCTTAC_4R009_L1_P049_R2.fq.gz","/data/homezvol1/johnnl15/mydata/ATACseq/rawdata/P049_R2.fq.gz"
"/data/class/ecoevo283/public/RAWDATA/ATACseq/Sample_TCGCCAA-CTCCTTAC_4R009_L1_P005_R1.fq.gz","/data/homezvol1/johnnl15/mydata/ATACseq/rawdata/P005_R1.fq.gz"
"/data/class/ecoevo283/public/RAWDATA/ATACseq/Sample_ATGCATG-TATGCAGT_4R009_L1_P013_R1.fq.gz","/data/homezvol1/johnnl15/mydata/ATACseq/rawdata/P013_R1.fq.gz"
"/data/class/ecoevo283/public/RAWDATA/ATACseq/Sample_CCTAGAT-TATGCAGT_4R009_L1_P045_R2.fq.gz","/data/homezvol1/johnnl15/mydata/ATACseq/rawdata/P045_R2.fq.gz"
"/data/class/ecoevo283/public/RAWDATA/ATACseq/Sample_CGTTCTT-TATGCAGT_4R009_L1_P029_R2.fq.gz","/data/homezvol1/johnnl15/mydata/ATACseq/rawdata/P029_R2.fq.gz"
"/data/class/ecoevo283/public/RAWDATA/ATACseq/Sample_TCGCCAA-TATGCAGT_4R009_L1_P014_R1.fq.gz","/data/homezvol1/johnnl15/mydata/ATACseq/rawdata/P014_R1.fq.gz"
"/data/class/ecoevo283/public/RAWDATA/ATACseq/Sample_CACGTTC-TATGCAGT_4R009_L1_P044_R1.fq.gz","/data/homezvol1/johnnl15/mydata/ATACseq/rawdata/P044_R1.fq.gz"
"/data/class/ecoevo283/public/RAWDATA/ATACseq/Sample_CCTAGAT-CTCCTTAC_4R009_L1_P036_R1.fq.gz","/data/homezvol1/johnnl15/mydata/ATACseq/rawdata/P036_R1.fq.gz"
"/data/class/ecoevo283/public/RAWDATA/ATACseq/Sample_ATAGCTG-TATGCAGT_4R009_L1_P015_R2.fq.gz","/data/homezvol1/johnnl15/mydata/ATACseq/rawdata/P015_R2.fq.gz"
"/data/class/ecoevo283/public/RAWDATA/ATACseq/Sample_CACTTGA-TATGCAGT_4R009_L1_P058_R2.fq.gz","/data/homezvol1/johnnl15/mydata/ATACseq/rawdata/P058_R2.fq.gz"
"/data/class/ecoevo283/public/RAWDATA/ATACseq/Sample_ACCAGCA-CTCCTTAC_4R009_L1_P050_R1.fq.gz","/data/homezvol1/johnnl15/mydata/ATACseq/rawdata/P050_R1.fq.gz"
"/data/class/ecoevo283/public/RAWDATA/ATACseq/Sample_GTATCTC-CTCCTTAC_4R009_L1_P034_R2.fq.gz","/data/homezvol1/johnnl15/mydata/ATACseq/rawdata/P034_R2.fq.gz"
"/data/class/ecoevo283/public/RAWDATA/ATACseq/Sample_ATAGCTG-CTCCTTAC_4R009_L1_P006_R1.fq.gz","/data/homezvol1/johnnl15/mydata/ATACseq/rawdata/P006_R1.fq.gz"
"/data/class/ecoevo283/public/RAWDATA/ATACseq/Sample_GGAATGT-TATGCAGT_4R009_L1_P060_R2.fq.gz","/data/homezvol1/johnnl15/mydata/ATACseq/rawdata/P060_R2.fq.gz"
"/data/class/ecoevo283/public/RAWDATA/ATACseq/Sample_AGAGTGC-CTCCTTAC_4R009_L1_P019_R2.fq.gz","/data/homezvol1/johnnl15/mydata/ATACseq/rawdata/P019_R2.fq.gz"
"/data/class/ecoevo283/public/RAWDATA/ATACseq/Sample_TTCGACG-TATGCAGT_4R009_L1_P030_R1.fq.gz","/data/homezvol1/johnnl15/mydata/ATACseq/rawdata/P030_R1.fq.gz"
"/data/class/ecoevo283/public/RAWDATA/ATACseq/Sample_GTATCTC-CTCCTTAC_4R009_L1_P034_R1.fq.gz","/data/homezvol1/johnnl15/mydata/ATACseq/rawdata/P034_R1.fq.gz"
"/data/class/ecoevo283/public/RAWDATA/ATACseq/Sample_ACCAGCA-CTCCTTAC_4R009_L1_P050_R2.fq.gz","/data/homezvol1/johnnl15/mydata/ATACseq/rawdata/P050_R2.fq.gz"
"/data/class/ecoevo283/public/RAWDATA/ATACseq/Sample_ATAGCTG-CTCCTTAC_4R009_L1_P006_R2.fq.gz","/data/homezvol1/johnnl15/mydata/ATACseq/rawdata/P006_R2.fq.gz"
"/data/class/ecoevo283/public/RAWDATA/ATACseq/Sample_TTCGACG-TATGCAGT_4R009_L1_P030_R2.fq.gz","/data/homezvol1/johnnl15/mydata/ATACseq/rawdata/P030_R2.fq.gz"
"/data/class/ecoevo283/public/RAWDATA/ATACseq/Sample_AGAGTGC-CTCCTTAC_4R009_L1_P019_R1.fq.gz","/data/homezvol1/johnnl15/mydata/ATACseq/rawdata/P019_R1.fq.gz"
"/data/class/ecoevo283/public/RAWDATA/ATACseq/Sample_GGAATGT-TATGCAGT_4R009_L1_P060_R1.fq.gz","/data/homezvol1/johnnl15/mydata/ATACseq/rawdata/P060_R1.fq.gz"
"/data/class/ecoevo283/public/RAWDATA/ATACseq/Sample_ATGCATG-TATGCAGT_4R009_L1_P013_R2.fq.gz","/data/homezvol1/johnnl15/mydata/ATACseq/rawdata/P013_R2.fq.gz"
"/data/class/ecoevo283/public/RAWDATA/ATACseq/Sample_CGTTCTT-TATGCAGT_4R009_L1_P029_R1.fq.gz","/data/homezvol1/johnnl15/mydata/ATACseq/rawdata/P029_R1.fq.gz"
"/data/class/ecoevo283/public/RAWDATA/ATACseq/Sample_CCTAGAT-TATGCAGT_4R009_L1_P045_R1.fq.gz","/data/homezvol1/johnnl15/mydata/ATACseq/rawdata/P045_R1.fq.gz"
"/data/class/ecoevo283/public/RAWDATA/ATACseq/Sample_CCTAGAT-CTCCTTAC_4R009_L1_P036_R2.fq.gz","/data/homezvol1/johnnl15/mydata/ATACseq/rawdata/P036_R2.fq.gz"
"/data/class/ecoevo283/public/RAWDATA/ATACseq/Sample_CACGTTC-TATGCAGT_4R009_L1_P044_R2.fq.gz","/data/homezvol1/johnnl15/mydata/ATACseq/rawdata/P044_R2.fq.gz"
"/data/class/ecoevo283/public/RAWDATA/ATACseq/Sample_TCGCCAA-TATGCAGT_4R009_L1_P014_R2.fq.gz","/data/homezvol1/johnnl15/mydata/ATACseq/rawdata/P014_R2.fq.gz"
"/data/class/ecoevo283/public/RAWDATA/ATACseq/Sample_CACTTGA-TATGCAGT_4R009_L1_P058_R1.fq.gz","/data/homezvol1/johnnl15/mydata/ATACseq/rawdata/P058_R1.fq.gz"
"/data/class/ecoevo283/public/RAWDATA/ATACseq/Sample_ATAGCTG-TATGCAGT_4R009_L1_P015_R1.fq.gz","/data/homezvol1/johnnl15/mydata/ATACseq/rawdata/P015_R1.fq.gz"
